LGA,Domestic violence related assault,Alcohol/Not Alcohol Related,Total 2018,Total 2019,Total 2020,Total 2021,Total 2022,,,,
Total NSW,Domestic violence related assault,Alcohol Related,"9,067","9,314","9,152","9,118","9,477",,,,
Total NSW,Domestic violence related assault,Not Alcohol Related,"20,651","22,023","23,109","23,007","23,933",,,,
Total NSW,Non-domestic violence related assault,Alcohol Related,"9,659","9,271","7,415","7,000","8,198",,,,
Total NSW,Non-domestic violence related assault,Not Alcohol Related,"22,230","23,127","22,123","21,299","22,469",,,,
Total NSW,Offensive conduct,Alcohol Related,"2,953","2,842","1,928","1,855","1,936",,,,
Total NSW,Offensive conduct,Not Alcohol Related,"1,756","1,725","1,977","1,891","1,646",,,,
Total NSW,Offensive language,Alcohol Related,"1,428","1,136",897,704,709,,,,
Total NSW,Offensive language,Not Alcohol Related,"1,307","1,198","1,228","1,216",888,,,,
Albury,Domestic violence related assault,Alcohol Related,85,72,75,111,108,,,,
Albury,Domestic violence related assault,Not Alcohol Related,201,225,253,294,295,,,,
Albury,Non-domestic violence related assault,Alcohol Related,110,130,109,86,126,,,,
Albury,Non-domestic violence related assault,Not Alcohol Related,222,222,245,253,289,,,,
Albury,Offensive conduct,Alcohol Related,44,37,19,20,28,,,,
Albury,Offensive conduct,Not Alcohol Related,24,21,18,19,13,,,,
Albury,Offensive language,Alcohol Related,20,17,13,9,9,,,,
Albury,Offensive language,Not Alcohol Related,10,17,18,18,21,,,,
Armidale Regional,Domestic violence related assault,Alcohol Related,71,80,69,80,60,,,,
Armidale Regional,Domestic violence related assault,Not Alcohol Related,123,100,114,157,141,,,,
Armidale Regional,Non-domestic violence related assault,Alcohol Related,64,64,50,93,51,,,,
Armidale Regional,Non-domestic violence related assault,Not Alcohol Related,113,128,94,107,147,,,,
Armidale Regional,Offensive conduct,Alcohol Related,36,34,10,16,16,,,,
Armidale Regional,Offensive conduct,Not Alcohol Related,20,14,8,14,21,,,,
Armidale Regional,Offensive language,Alcohol Related,5,1,6,3,2,,,,
Armidale Regional,Offensive language,Not Alcohol Related,6,5,5,2,2,,,,
Ballina,Domestic violence related assault,Alcohol Related,57,40,62,55,66,,,,
Ballina,Domestic violence related assault,Not Alcohol Related,55,57,66,94,77,,,,
Ballina,Non-domestic violence related assault,Alcohol Related,68,54,48,34,49,,,,
Ballina,Non-domestic violence related assault,Not Alcohol Related,92,83,96,93,112,,,,
Ballina,Offensive conduct,Alcohol Related,26,22,33,11,8,,,,
Ballina,Offensive conduct,Not Alcohol Related,15,7,13,11,7,,,,
Ballina,Offensive language,Alcohol Related,10,10,19,8,14,,,,
Ballina,Offensive language,Not Alcohol Related,2,8,4,6,3,,,,
Balranald,Domestic violence related assault,Alcohol Related,4,4,11,3,4,,,,
Balranald,Domestic violence related assault,Not Alcohol Related,7,6,2,4,5,,,,
Balranald,Non-domestic violence related assault,Alcohol Related,6,6,4,6,4,,,,
Balranald,Non-domestic violence related assault,Not Alcohol Related,6,4,2,0,3,,,,
Balranald,Offensive conduct,Alcohol Related,0,1,0,1,0,,,,
Balranald,Offensive conduct,Not Alcohol Related,1,0,0,0,0,,,,
Balranald,Offensive language,Alcohol Related,0,0,0,0,0,,,,
Balranald,Offensive language,Not Alcohol Related,1,0,0,0,0,,,,
Bathurst Regional,Domestic violence related assault,Alcohol Related,73,91,73,89,86,,,,
Bathurst Regional,Domestic violence related assault,Not Alcohol Related,151,147,165,246,226,,,,
Bathurst Regional,Non-domestic violence related assault,Alcohol Related,77,86,70,71,68,,,,
Bathurst Regional,Non-domestic violence related assault,Not Alcohol Related,178,167,155,209,159,,,,
Bathurst Regional,Offensive conduct,Alcohol Related,22,15,15,14,19,,,,
Bathurst Regional,Offensive conduct,Not Alcohol Related,9,9,14,11,8,,,,
Bathurst Regional,Offensive language,Alcohol Related,13,3,2,5,4,,,,
Bathurst Regional,Offensive language,Not Alcohol Related,7,3,9,2,2,,,,
Bayside,Domestic violence related assault,Alcohol Related,167,184,161,155,167,,,,
Bayside,Domestic violence related assault,Not Alcohol Related,415,461,507,470,509,,,,
Bayside,Non-domestic violence related assault,Alcohol Related,122,126,115,61,84,,,,
Bayside,Non-domestic violence related assault,Not Alcohol Related,411,399,357,326,333,,,,
Bayside,Offensive conduct,Alcohol Related,17,27,22,13,22,,,,
Bayside,Offensive conduct,Not Alcohol Related,19,28,26,16,25,,,,
Bayside,Offensive language,Alcohol Related,11,22,6,8,10,,,,
Bayside,Offensive language,Not Alcohol Related,14,18,18,28,13,,,,
Bega Valley,Domestic violence related assault,Alcohol Related,42,37,53,49,47,,,,
Bega Valley,Domestic violence related assault,Not Alcohol Related,65,65,65,76,54,,,,
Bega Valley,Non-domestic violence related assault,Alcohol Related,42,33,40,42,47,,,,
Bega Valley,Non-domestic violence related assault,Not Alcohol Related,55,65,53,67,41,,,,
Bega Valley,Offensive conduct,Alcohol Related,19,16,9,10,17,,,,
Bega Valley,Offensive conduct,Not Alcohol Related,8,6,1,6,2,,,,
Bega Valley,Offensive language,Alcohol Related,21,16,15,7,9,,,,
Bega Valley,Offensive language,Not Alcohol Related,10,10,9,8,6,,,,
Bellingen,Domestic violence related assault,Alcohol Related,13,16,22,22,24,,,,
Bellingen,Domestic violence related assault,Not Alcohol Related,33,26,35,28,17,,,,
Bellingen,Non-domestic violence related assault,Alcohol Related,12,19,19,21,14,,,,
Bellingen,Non-domestic violence related assault,Not Alcohol Related,20,25,36,33,36,,,,
Bellingen,Offensive conduct,Alcohol Related,3,5,2,2,3,,,,
Bellingen,Offensive conduct,Not Alcohol Related,3,3,3,1,4,,,,
Bellingen,Offensive language,Alcohol Related,2,1,1,3,2,,,,
Bellingen,Offensive language,Not Alcohol Related,3,5,2,0,5,,,,
Berrigan,Domestic violence related assault,Alcohol Related,14,6,5,7,11,,,,
Berrigan,Domestic violence related assault,Not Alcohol Related,9,9,12,16,36,,,,
Berrigan,Non-domestic violence related assault,Alcohol Related,10,6,13,13,17,,,,
Berrigan,Non-domestic violence related assault,Not Alcohol Related,9,17,10,23,14,,,,
Berrigan,Offensive conduct,Alcohol Related,7,7,7,7,1,,,,
Berrigan,Offensive conduct,Not Alcohol Related,1,2,0,0,0,,,,
Berrigan,Offensive language,Alcohol Related,2,2,1,0,4,,,,
Berrigan,Offensive language,Not Alcohol Related,4,2,1,1,0,,,,
Blacktown,Domestic violence related assault,Alcohol Related,497,519,529,516,438,,,,
Blacktown,Domestic violence related assault,Not Alcohol Related,"1,699","1,703","1,675","1,624","1,623",,,,
Blacktown,Non-domestic violence related assault,Alcohol Related,315,320,284,238,235,,,,
Blacktown,Non-domestic violence related assault,Not Alcohol Related,"1,391","1,405","1,509","1,354","1,323",,,,
Blacktown,Offensive conduct,Alcohol Related,46,37,39,39,39,,,,
Blacktown,Offensive conduct,Not Alcohol Related,54,40,59,62,47,,,,
Blacktown,Offensive language,Alcohol Related,35,36,34,20,15,,,,
Blacktown,Offensive language,Not Alcohol Related,60,53,43,56,60,,,,
Bland,Domestic violence related assault,Alcohol Related,5,6,9,12,14,,,,
Bland,Domestic violence related assault,Not Alcohol Related,10,14,11,29,10,,,,
Bland,Non-domestic violence related assault,Alcohol Related,7,6,8,15,16,,,,
Bland,Non-domestic violence related assault,Not Alcohol Related,8,12,6,11,8,,,,
Bland,Offensive conduct,Alcohol Related,6,6,10,3,11,,,,
Bland,Offensive conduct,Not Alcohol Related,2,2,3,0,2,,,,
Bland,Offensive language,Alcohol Related,3,3,2,4,3,,,,
Bland,Offensive language,Not Alcohol Related,1,2,0,2,1,,,,
Blayney,Domestic violence related assault,Alcohol Related,7,11,10,7,12,,,,
Blayney,Domestic violence related assault,Not Alcohol Related,12,10,24,22,17,,,,
Blayney,Non-domestic violence related assault,Alcohol Related,5,15,7,6,4,,,,
Blayney,Non-domestic violence related assault,Not Alcohol Related,20,11,13,21,8,,,,
Blayney,Offensive conduct,Alcohol Related,2,3,0,1,1,,,,
Blayney,Offensive conduct,Not Alcohol Related,0,1,1,0,2,,,,
Blayney,Offensive language,Alcohol Related,0,1,0,0,0,,,,
Blayney,Offensive language,Not Alcohol Related,0,0,1,1,0,,,,
Blue Mountains,Domestic violence related assault,Alcohol Related,76,50,60,67,71,,,,
Blue Mountains,Domestic violence related assault,Not Alcohol Related,159,125,154,143,171,,,,
Blue Mountains,Non-domestic violence related assault,Alcohol Related,63,62,44,36,49,,,,
Blue Mountains,Non-domestic violence related assault,Not Alcohol Related,148,141,140,136,151,,,,
Blue Mountains,Offensive conduct,Alcohol Related,13,5,10,9,6,,,,
Blue Mountains,Offensive conduct,Not Alcohol Related,12,7,3,10,9,,,,
Blue Mountains,Offensive language,Alcohol Related,9,8,11,8,3,,,,
Blue Mountains,Offensive language,Not Alcohol Related,7,5,7,7,5,,,,
Bogan,Domestic violence related assault,Alcohol Related,4,11,4,5,15,,,,
Bogan,Domestic violence related assault,Not Alcohol Related,18,12,17,12,17,,,,
Bogan,Non-domestic violence related assault,Alcohol Related,10,12,3,3,3,,,,
Bogan,Non-domestic violence related assault,Not Alcohol Related,7,3,5,8,5,,,,
Bogan,Offensive conduct,Alcohol Related,2,0,0,0,2,,,,
Bogan,Offensive conduct,Not Alcohol Related,0,0,1,1,0,,,,
Bogan,Offensive language,Alcohol Related,2,0,1,0,0,,,,
Bogan,Offensive language,Not Alcohol Related,0,0,0,0,0,,,,
Bourke,Domestic violence related assault,Alcohol Related,51,38,45,43,46,,,,
Bourke,Domestic violence related assault,Not Alcohol Related,52,63,75,78,76,,,,
Bourke,Non-domestic violence related assault,Alcohol Related,16,26,24,16,18,,,,
Bourke,Non-domestic violence related assault,Not Alcohol Related,33,34,46,36,54,,,,
Bourke,Offensive conduct,Alcohol Related,5,0,0,1,1,,,,
Bourke,Offensive conduct,Not Alcohol Related,6,7,8,5,1,,,,
Bourke,Offensive language,Alcohol Related,1,0,0,0,1,,,,
Bourke,Offensive language,Not Alcohol Related,0,1,3,8,1,,,,
Brewarrina,Domestic violence related assault,Alcohol Related,26,39,39,25,29,,,,
Brewarrina,Domestic violence related assault,Not Alcohol Related,18,22,28,41,25,,,,
Brewarrina,Non-domestic violence related assault,Alcohol Related,16,9,8,10,13,,,,
Brewarrina,Non-domestic violence related assault,Not Alcohol Related,21,12,13,15,25,,,,
Brewarrina,Offensive conduct,Alcohol Related,2,1,3,0,2,,,,
Brewarrina,Offensive conduct,Not Alcohol Related,0,4,1,3,1,,,,
Brewarrina,Offensive language,Alcohol Related,1,0,0,2,0,,,,
Brewarrina,Offensive language,Not Alcohol Related,1,0,1,0,2,,,,
Broken Hill,Domestic violence related assault,Alcohol Related,69,69,83,81,103,,,,
Broken Hill,Domestic violence related assault,Not Alcohol Related,138,134,163,150,151,,,,
Broken Hill,Non-domestic violence related assault,Alcohol Related,54,48,42,49,46,,,,
Broken Hill,Non-domestic violence related assault,Not Alcohol Related,87,100,106,105,109,,,,
Broken Hill,Offensive conduct,Alcohol Related,25,21,8,9,26,,,,
Broken Hill,Offensive conduct,Not Alcohol Related,16,12,11,9,15,,,,
Broken Hill,Offensive language,Alcohol Related,11,6,8,1,7,,,,
Broken Hill,Offensive language,Not Alcohol Related,17,4,10,4,3,,,,
Burwood,Domestic violence related assault,Alcohol Related,12,13,13,24,17,,,,
Burwood,Domestic violence related assault,Not Alcohol Related,48,47,56,70,76,,,,
Burwood,Non-domestic violence related assault,Alcohol Related,35,20,21,20,23,,,,
Burwood,Non-domestic violence related assault,Not Alcohol Related,67,85,69,87,113,,,,
Burwood,Offensive conduct,Alcohol Related,6,8,3,4,2,,,,
Burwood,Offensive conduct,Not Alcohol Related,5,6,6,3,4,,,,
Burwood,Offensive language,Alcohol Related,2,4,7,0,2,,,,
Burwood,Offensive language,Not Alcohol Related,13,8,6,6,7,,,,
Byron,Domestic violence related assault,Alcohol Related,54,60,45,58,47,,,,
Byron,Domestic violence related assault,Not Alcohol Related,54,52,60,70,73,,,,
Byron,Non-domestic violence related assault,Alcohol Related,125,147,107,97,126,,,,
Byron,Non-domestic violence related assault,Not Alcohol Related,95,100,118,102,92,,,,
Byron,Offensive conduct,Alcohol Related,85,109,39,27,35,,,,
Byron,Offensive conduct,Not Alcohol Related,75,34,34,23,13,,,,
Byron,Offensive language,Alcohol Related,27,20,16,11,3,,,,
Byron,Offensive language,Not Alcohol Related,3,7,15,4,4,,,,
Cabonne,Domestic violence related assault,Alcohol Related,14,10,10,13,11,,,,
Cabonne,Domestic violence related assault,Not Alcohol Related,30,25,20,19,31,,,,
Cabonne,Non-domestic violence related assault,Alcohol Related,12,15,13,11,9,,,,
Cabonne,Non-domestic violence related assault,Not Alcohol Related,12,20,12,19,6,,,,
Cabonne,Offensive conduct,Alcohol Related,0,0,2,1,1,,,,
Cabonne,Offensive conduct,Not Alcohol Related,1,0,0,1,1,,,,
Cabonne,Offensive language,Alcohol Related,0,0,0,0,0,,,,
Cabonne,Offensive language,Not Alcohol Related,2,1,1,1,0,,,,
Camden,Domestic violence related assault,Alcohol Related,102,98,84,82,78,,,,
Camden,Domestic violence related assault,Not Alcohol Related,255,291,252,250,238,,,,
Camden,Non-domestic violence related assault,Alcohol Related,67,54,24,39,47,,,,
Camden,Non-domestic violence related assault,Not Alcohol Related,112,148,123,108,161,,,,
Camden,Offensive conduct,Alcohol Related,27,13,16,9,8,,,,
Camden,Offensive conduct,Not Alcohol Related,11,6,11,10,4,,,,
Camden,Offensive language,Alcohol Related,10,5,2,6,8,,,,
Camden,Offensive language,Not Alcohol Related,6,8,4,3,4,,,,
Campbelltown,Domestic violence related assault,Alcohol Related,234,213,230,267,238,,,,
Campbelltown,Domestic violence related assault,Not Alcohol Related,697,681,752,676,778,,,,
Campbelltown,Non-domestic violence related assault,Alcohol Related,128,146,128,113,123,,,,
Campbelltown,Non-domestic violence related assault,Not Alcohol Related,504,523,546,495,571,,,,
Campbelltown,Offensive conduct,Alcohol Related,24,27,21,15,15,,,,
Campbelltown,Offensive conduct,Not Alcohol Related,24,27,29,26,32,,,,
Campbelltown,Offensive language,Alcohol Related,30,16,10,9,10,,,,
Campbelltown,Offensive language,Not Alcohol Related,55,33,15,31,17,,,,
Canada Bay,Domestic violence related assault,Alcohol Related,33,25,37,33,30,,,,
Canada Bay,Domestic violence related assault,Not Alcohol Related,69,86,84,98,101,,,,
Canada Bay,Non-domestic violence related assault,Alcohol Related,22,29,13,19,24,,,,
Canada Bay,Non-domestic violence related assault,Not Alcohol Related,118,119,114,107,109,,,,
Canada Bay,Offensive conduct,Alcohol Related,1,2,0,1,3,,,,
Canada Bay,Offensive conduct,Not Alcohol Related,2,1,8,10,6,,,,
Canada Bay,Offensive language,Alcohol Related,3,3,3,2,1,,,,
Canada Bay,Offensive language,Not Alcohol Related,1,2,8,10,3,,,,
Canterbury-Bankstown,Domestic violence related assault,Alcohol Related,183,205,174,154,179,,,,
Canterbury-Bankstown,Domestic violence related assault,Not Alcohol Related,950,"1,008","1,184","1,210","1,169",,,,
Canterbury-Bankstown,Non-domestic violence related assault,Alcohol Related,115,151,121,89,115,,,,
Canterbury-Bankstown,Non-domestic violence related assault,Not Alcohol Related,858,914,867,700,857,,,,
Canterbury-Bankstown,Offensive conduct,Alcohol Related,16,4,7,5,11,,,,
Canterbury-Bankstown,Offensive conduct,Not Alcohol Related,36,37,36,54,33,,,,
Canterbury-Bankstown,Offensive language,Alcohol Related,14,5,6,7,5,,,,
Canterbury-Bankstown,Offensive language,Not Alcohol Related,26,35,38,74,28,,,,
Carrathool,Domestic violence related assault,Alcohol Related,6,3,10,12,10,,,,
Carrathool,Domestic violence related assault,Not Alcohol Related,3,9,11,9,8,,,,
Carrathool,Non-domestic violence related assault,Alcohol Related,5,9,5,10,4,,,,
Carrathool,Non-domestic violence related assault,Not Alcohol Related,8,8,6,4,6,,,,
Carrathool,Offensive conduct,Alcohol Related,2,0,2,3,1,,,,
Carrathool,Offensive conduct,Not Alcohol Related,0,0,0,1,0,,,,
Carrathool,Offensive language,Alcohol Related,0,1,0,0,2,,,,
Carrathool,Offensive language,Not Alcohol Related,0,0,0,0,0,,,,
Central Coast,Domestic violence related assault,Alcohol Related,633,581,495,486,568,,,,
Central Coast,Domestic violence related assault,Not Alcohol Related,"1,036","1,050","1,002",969,"1,103",,,,
Central Coast,Non-domestic violence related assault,Alcohol Related,557,463,389,327,512,,,,
Central Coast,Non-domestic violence related assault,Not Alcohol Related,934,"1,016","1,010","1,044","1,039",,,,
Central Coast,Offensive conduct,Alcohol Related,92,68,64,51,57,,,,
Central Coast,Offensive conduct,Not Alcohol Related,52,64,60,70,59,,,,
Central Coast,Offensive language,Alcohol Related,75,48,43,36,38,,,,
Central Coast,Offensive language,Not Alcohol Related,48,51,57,49,29,,,,
Central Darling,Domestic violence related assault,Alcohol Related,64,81,53,70,61,,,,
Central Darling,Domestic violence related assault,Not Alcohol Related,25,18,32,44,15,,,,
Central Darling,Non-domestic violence related assault,Alcohol Related,19,35,17,14,16,,,,
Central Darling,Non-domestic violence related assault,Not Alcohol Related,15,14,14,5,6,,,,
Central Darling,Offensive conduct,Alcohol Related,2,1,1,2,2,,,,
Central Darling,Offensive conduct,Not Alcohol Related,1,2,2,1,0,,,,
Central Darling,Offensive language,Alcohol Related,2,4,0,0,0,,,,
Central Darling,Offensive language,Not Alcohol Related,0,1,1,1,0,,,,
Cessnock,Domestic violence related assault,Alcohol Related,71,75,83,77,82,,,,
Cessnock,Domestic violence related assault,Not Alcohol Related,237,222,179,225,241,,,,
Cessnock,Non-domestic violence related assault,Alcohol Related,49,68,53,56,73,,,,
Cessnock,Non-domestic violence related assault,Not Alcohol Related,161,171,188,218,221,,,,
Cessnock,Offensive conduct,Alcohol Related,8,19,6,5,6,,,,
Cessnock,Offensive conduct,Not Alcohol Related,15,4,8,10,5,,,,
Cessnock,Offensive language,Alcohol Related,13,10,2,2,1,,,,
Cessnock,Offensive language,Not Alcohol Related,10,8,7,9,3,,,,
Clarence Valley,Domestic violence related assault,Alcohol Related,88,65,85,76,103,,,,
Clarence Valley,Domestic violence related assault,Not Alcohol Related,126,118,133,126,170,,,,
Clarence Valley,Non-domestic violence related assault,Alcohol Related,92,93,88,57,79,,,,
Clarence Valley,Non-domestic violence related assault,Not Alcohol Related,160,171,131,168,152,,,,
Clarence Valley,Offensive conduct,Alcohol Related,29,28,26,14,19,,,,
Clarence Valley,Offensive conduct,Not Alcohol Related,26,10,27,12,7,,,,
Clarence Valley,Offensive language,Alcohol Related,24,15,10,10,13,,,,
Clarence Valley,Offensive language,Not Alcohol Related,18,13,18,11,7,,,,
Cobar,Domestic violence related assault,Alcohol Related,14,12,10,11,10,,,,
Cobar,Domestic violence related assault,Not Alcohol Related,24,16,10,10,19,,,,
Cobar,Non-domestic violence related assault,Alcohol Related,16,18,13,8,6,,,,
Cobar,Non-domestic violence related assault,Not Alcohol Related,18,18,12,15,16,,,,
Cobar,Offensive conduct,Alcohol Related,6,7,5,3,1,,,,
Cobar,Offensive conduct,Not Alcohol Related,0,2,1,2,0,,,,
Cobar,Offensive language,Alcohol Related,1,1,0,0,0,,,,
Cobar,Offensive language,Not Alcohol Related,1,1,0,0,0,,,,
Coffs Harbour,Domestic violence related assault,Alcohol Related,181,211,210,183,198,,,,
Coffs Harbour,Domestic violence related assault,Not Alcohol Related,295,231,319,334,397,,,,
Coffs Harbour,Non-domestic violence related assault,Alcohol Related,194,157,130,175,142,,,,
Coffs Harbour,Non-domestic violence related assault,Not Alcohol Related,267,275,296,325,375,,,,
Coffs Harbour,Offensive conduct,Alcohol Related,25,28,29,45,28,,,,
Coffs Harbour,Offensive conduct,Not Alcohol Related,30,21,16,41,18,,,,
Coffs Harbour,Offensive language,Alcohol Related,21,10,26,13,7,,,,
Coffs Harbour,Offensive language,Not Alcohol Related,18,11,11,3,8,,,,
Coolamon,Domestic violence related assault,Alcohol Related,6,5,4,3,4,,,,
Coolamon,Domestic violence related assault,Not Alcohol Related,5,5,6,7,7,,,,
Coolamon,Non-domestic violence related assault,Alcohol Related,3,2,5,3,3,,,,
Coolamon,Non-domestic violence related assault,Not Alcohol Related,8,6,1,1,1,,,,
Coolamon,Offensive conduct,Alcohol Related,0,1,0,2,2,,,,
Coolamon,Offensive conduct,Not Alcohol Related,0,0,0,0,0,,,,
Coolamon,Offensive language,Alcohol Related,0,1,1,0,0,,,,
Coolamon,Offensive language,Not Alcohol Related,0,0,0,0,0,,,,
Coonamble,Domestic violence related assault,Alcohol Related,20,38,32,38,18,,,,
Coonamble,Domestic violence related assault,Not Alcohol Related,46,81,66,58,41,,,,
Coonamble,Non-domestic violence related assault,Alcohol Related,16,11,25,23,13,,,,
Coonamble,Non-domestic violence related assault,Not Alcohol Related,34,41,45,30,28,,,,
Coonamble,Offensive conduct,Alcohol Related,9,0,0,1,1,,,,
Coonamble,Offensive conduct,Not Alcohol Related,12,0,3,4,2,,,,
Coonamble,Offensive language,Alcohol Related,3,2,2,1,4,,,,
Coonamble,Offensive language,Not Alcohol Related,4,2,4,5,2,,,,
Cootamundra-Gundagai,Domestic violence related assault,Alcohol Related,26,13,23,19,28,,,,
Cootamundra-Gundagai,Domestic violence related assault,Not Alcohol Related,40,40,41,28,29,,,,
Cootamundra-Gundagai,Non-domestic violence related assault,Alcohol Related,22,13,7,12,19,,,,
Cootamundra-Gundagai,Non-domestic violence related assault,Not Alcohol Related,33,26,15,26,26,,,,
Cootamundra-Gundagai,Offensive conduct,Alcohol Related,5,12,2,6,4,,,,
Cootamundra-Gundagai,Offensive conduct,Not Alcohol Related,8,2,8,2,0,,,,
Cootamundra-Gundagai,Offensive language,Alcohol Related,9,3,3,1,6,,,,
Cootamundra-Gundagai,Offensive language,Not Alcohol Related,11,7,1,5,2,,,,
Cowra,Domestic violence related assault,Alcohol Related,16,29,25,36,31,,,,
Cowra,Domestic violence related assault,Not Alcohol Related,40,33,59,44,66,,,,
Cowra,Non-domestic violence related assault,Alcohol Related,33,28,36,24,31,,,,
Cowra,Non-domestic violence related assault,Not Alcohol Related,48,38,40,40,45,,,,
Cowra,Offensive conduct,Alcohol Related,5,3,3,4,6,,,,
Cowra,Offensive conduct,Not Alcohol Related,4,2,2,4,3,,,,
Cowra,Offensive language,Alcohol Related,2,1,0,4,2,,,,
Cowra,Offensive language,Not Alcohol Related,4,3,7,4,2,,,,
Cumberland,Domestic violence related assault,Alcohol Related,148,153,189,145,154,,,,
Cumberland,Domestic violence related assault,Not Alcohol Related,744,772,879,733,787,,,,
Cumberland,Non-domestic violence related assault,Alcohol Related,137,126,101,79,106,,,,
Cumberland,Non-domestic violence related assault,Not Alcohol Related,659,676,592,577,624,,,,
Cumberland,Offensive conduct,Alcohol Related,3,11,15,6,13,,,,
Cumberland,Offensive conduct,Not Alcohol Related,27,22,26,31,19,,,,
Cumberland,Offensive language,Alcohol Related,9,7,7,12,2,,,,
Cumberland,Offensive language,Not Alcohol Related,23,31,23,41,36,,,,
Dubbo Regional,Domestic violence related assault,Alcohol Related,125,149,132,140,163,,,,
Dubbo Regional,Domestic violence related assault,Not Alcohol Related,447,548,499,469,506,,,,
Dubbo Regional,Non-domestic violence related assault,Alcohol Related,107,114,104,100,104,,,,
Dubbo Regional,Non-domestic violence related assault,Not Alcohol Related,309,303,299,304,332,,,,
Dubbo Regional,Offensive conduct,Alcohol Related,25,14,24,15,9,,,,
Dubbo Regional,Offensive conduct,Not Alcohol Related,32,28,30,22,23,,,,
Dubbo Regional,Offensive language,Alcohol Related,10,9,11,12,1,,,,
Dubbo Regional,Offensive language,Not Alcohol Related,40,19,12,10,10,,,,
Dungog,Domestic violence related assault,Alcohol Related,14,10,16,9,10,,,,
Dungog,Domestic violence related assault,Not Alcohol Related,17,8,20,19,29,,,,
Dungog,Non-domestic violence related assault,Alcohol Related,9,14,9,10,5,,,,
Dungog,Non-domestic violence related assault,Not Alcohol Related,11,17,13,17,10,,,,
Dungog,Offensive conduct,Alcohol Related,1,0,1,0,1,,,,
Dungog,Offensive conduct,Not Alcohol Related,0,0,0,0,0,,,,
Dungog,Offensive language,Alcohol Related,0,1,0,0,0,,,,
Dungog,Offensive language,Not Alcohol Related,1,1,0,0,1,,,,
Edward River,Domestic violence related assault,Alcohol Related,16,10,12,16,26,,,,
Edward River,Domestic violence related assault,Not Alcohol Related,39,47,45,47,51,,,,
Edward River,Non-domestic violence related assault,Alcohol Related,13,10,18,15,28,,,,
Edward River,Non-domestic violence related assault,Not Alcohol Related,15,17,42,31,22,,,,
Edward River,Offensive conduct,Alcohol Related,10,4,6,0,3,,,,
Edward River,Offensive conduct,Not Alcohol Related,9,3,8,3,3,,,,
Edward River,Offensive language,Alcohol Related,5,4,6,5,2,,,,
Edward River,Offensive language,Not Alcohol Related,8,11,13,13,3,,,,
Eurobodalla,Domestic violence related assault,Alcohol Related,76,64,72,91,80,,,,
Eurobodalla,Domestic violence related assault,Not Alcohol Related,102,71,122,131,145,,,,
Eurobodalla,Non-domestic violence related assault,Alcohol Related,87,84,68,64,64,,,,
Eurobodalla,Non-domestic violence related assault,Not Alcohol Related,100,97,107,110,108,,,,
Eurobodalla,Offensive conduct,Alcohol Related,25,15,14,18,19,,,,
Eurobodalla,Offensive conduct,Not Alcohol Related,17,14,13,16,14,,,,
Eurobodalla,Offensive language,Alcohol Related,27,21,18,19,18,,,,
Eurobodalla,Offensive language,Not Alcohol Related,15,13,18,11,21,,,,
Fairfield,Domestic violence related assault,Alcohol Related,147,155,147,122,112,,,,
Fairfield,Domestic violence related assault,Not Alcohol Related,558,602,622,676,797,,,,
Fairfield,Non-domestic violence related assault,Alcohol Related,90,83,76,61,82,,,,
Fairfield,Non-domestic violence related assault,Not Alcohol Related,511,492,485,429,445,,,,
Fairfield,Offensive conduct,Alcohol Related,16,10,12,13,10,,,,
Fairfield,Offensive conduct,Not Alcohol Related,7,24,40,29,28,,,,
Fairfield,Offensive language,Alcohol Related,11,9,15,8,11,,,,
Fairfield,Offensive language,Not Alcohol Related,19,24,44,23,26,,,,
Federation,Domestic violence related assault,Alcohol Related,5,16,11,17,14,,,,
Federation,Domestic violence related assault,Not Alcohol Related,16,20,29,12,29,,,,
Federation,Non-domestic violence related assault,Alcohol Related,22,18,16,20,11,,,,
Federation,Non-domestic violence related assault,Not Alcohol Related,27,25,19,24,26,,,,
Federation,Offensive conduct,Alcohol Related,4,1,7,2,2,,,,
Federation,Offensive conduct,Not Alcohol Related,4,2,1,2,4,,,,
Federation,Offensive language,Alcohol Related,3,0,1,0,1,,,,
Federation,Offensive language,Not Alcohol Related,2,1,3,0,0,,,,
Forbes,Domestic violence related assault,Alcohol Related,20,25,21,17,16,,,,
Forbes,Domestic violence related assault,Not Alcohol Related,50,54,61,57,42,,,,
Forbes,Non-domestic violence related assault,Alcohol Related,25,33,18,25,13,,,,
Forbes,Non-domestic violence related assault,Not Alcohol Related,37,58,47,72,39,,,,
Forbes,Offensive conduct,Alcohol Related,5,7,1,3,2,,,,
Forbes,Offensive conduct,Not Alcohol Related,3,7,2,5,4,,,,
Forbes,Offensive language,Alcohol Related,0,0,2,2,0,,,,
Forbes,Offensive language,Not Alcohol Related,1,5,1,5,3,,,,
Georges River,Domestic violence related assault,Alcohol Related,111,114,100,92,85,,,,
Georges River,Domestic violence related assault,Not Alcohol Related,323,379,348,340,358,,,,
Georges River,Non-domestic violence related assault,Alcohol Related,97,68,59,69,81,,,,
Georges River,Non-domestic violence related assault,Not Alcohol Related,277,281,249,239,209,,,,
Georges River,Offensive conduct,Alcohol Related,10,15,12,15,17,,,,
Georges River,Offensive conduct,Not Alcohol Related,13,15,22,25,14,,,,
Georges River,Offensive language,Alcohol Related,3,8,8,13,14,,,,
Georges River,Offensive language,Not Alcohol Related,11,17,15,33,12,,,,
Gilgandra,Domestic violence related assault,Alcohol Related,17,21,21,8,6,,,,
Gilgandra,Domestic violence related assault,Not Alcohol Related,20,21,33,40,29,,,,
Gilgandra,Non-domestic violence related assault,Alcohol Related,9,10,8,7,5,,,,
Gilgandra,Non-domestic violence related assault,Not Alcohol Related,18,9,6,13,20,,,,
Gilgandra,Offensive conduct,Alcohol Related,1,4,4,3,5,,,,
Gilgandra,Offensive conduct,Not Alcohol Related,0,2,2,0,3,,,,
Gilgandra,Offensive language,Alcohol Related,1,2,1,2,1,,,,
Gilgandra,Offensive language,Not Alcohol Related,3,4,0,3,7,,,,
Glen Innes Severn,Domestic violence related assault,Alcohol Related,26,26,23,19,19,,,,
Glen Innes Severn,Domestic violence related assault,Not Alcohol Related,30,39,50,46,43,,,,
Glen Innes Severn,Non-domestic violence related assault,Alcohol Related,28,16,21,20,26,,,,
Glen Innes Severn,Non-domestic violence related assault,Not Alcohol Related,41,31,25,35,26,,,,
Glen Innes Severn,Offensive conduct,Alcohol Related,5,5,6,5,4,,,,
Glen Innes Severn,Offensive conduct,Not Alcohol Related,6,5,5,6,13,,,,
Glen Innes Severn,Offensive language,Alcohol Related,2,1,0,1,5,,,,
Glen Innes Severn,Offensive language,Not Alcohol Related,10,0,4,5,8,,,,
Goulburn Mulwaree,Domestic violence related assault,Alcohol Related,44,30,38,44,59,,,,
Goulburn Mulwaree,Domestic violence related assault,Not Alcohol Related,72,84,95,71,105,,,,
Goulburn Mulwaree,Non-domestic violence related assault,Alcohol Related,47,36,45,36,51,,,,
Goulburn Mulwaree,Non-domestic violence related assault,Not Alcohol Related,81,87,108,81,92,,,,
Goulburn Mulwaree,Offensive conduct,Alcohol Related,35,38,9,34,30,,,,
Goulburn Mulwaree,Offensive conduct,Not Alcohol Related,10,9,8,9,11,,,,
Goulburn Mulwaree,Offensive language,Alcohol Related,11,9,8,7,12,,,,
Goulburn Mulwaree,Offensive language,Not Alcohol Related,13,13,6,6,7,,,,
Greater Hume Shire,Domestic violence related assault,Alcohol Related,9,6,5,6,8,,,,
Greater Hume Shire,Domestic violence related assault,Not Alcohol Related,12,25,26,27,33,,,,
Greater Hume Shire,Non-domestic violence related assault,Alcohol Related,1,9,3,4,9,,,,
Greater Hume Shire,Non-domestic violence related assault,Not Alcohol Related,10,10,13,12,14,,,,
Greater Hume Shire,Offensive conduct,Alcohol Related,0,0,1,1,3,,,,
Greater Hume Shire,Offensive conduct,Not Alcohol Related,1,0,0,2,4,,,,
Greater Hume Shire,Offensive language,Alcohol Related,0,0,0,0,0,,,,
Greater Hume Shire,Offensive language,Not Alcohol Related,1,2,1,0,0,,,,
Griffith,Domestic violence related assault,Alcohol Related,54,61,62,56,66,,,,
Griffith,Domestic violence related assault,Not Alcohol Related,143,162,160,135,111,,,,
Griffith,Non-domestic violence related assault,Alcohol Related,49,38,41,45,52,,,,
Griffith,Non-domestic violence related assault,Not Alcohol Related,86,95,88,75,68,,,,
Griffith,Offensive conduct,Alcohol Related,23,30,17,7,16,,,,
Griffith,Offensive conduct,Not Alcohol Related,7,7,21,8,11,,,,
Griffith,Offensive language,Alcohol Related,9,7,11,8,5,,,,
Griffith,Offensive language,Not Alcohol Related,3,4,21,9,8,,,,
Gunnedah,Domestic violence related assault,Alcohol Related,29,31,37,38,29,,,,
Gunnedah,Domestic violence related assault,Not Alcohol Related,35,53,58,52,81,,,,
Gunnedah,Non-domestic violence related assault,Alcohol Related,36,24,25,33,26,,,,
Gunnedah,Non-domestic violence related assault,Not Alcohol Related,37,53,47,56,40,,,,
Gunnedah,Offensive conduct,Alcohol Related,13,4,1,2,9,,,,
Gunnedah,Offensive conduct,Not Alcohol Related,3,1,3,3,6,,,,
Gunnedah,Offensive language,Alcohol Related,0,3,3,5,2,,,,
Gunnedah,Offensive language,Not Alcohol Related,6,1,5,6,6,,,,
Gwydir,Domestic violence related assault,Alcohol Related,17,10,15,6,4,,,,
Gwydir,Domestic violence related assault,Not Alcohol Related,10,10,19,5,9,,,,
Gwydir,Non-domestic violence related assault,Alcohol Related,6,10,4,7,7,,,,
Gwydir,Non-domestic violence related assault,Not Alcohol Related,7,4,9,11,5,,,,
Gwydir,Offensive conduct,Alcohol Related,3,2,1,0,1,,,,
Gwydir,Offensive conduct,Not Alcohol Related,1,0,2,3,2,,,,
Gwydir,Offensive language,Alcohol Related,0,3,2,0,0,,,,
Gwydir,Offensive language,Not Alcohol Related,0,0,1,0,0,,,,
Hawkesbury,Domestic violence related assault,Alcohol Related,70,83,70,74,87,,,,
Hawkesbury,Domestic violence related assault,Not Alcohol Related,175,153,211,173,199,,,,
Hawkesbury,Non-domestic violence related assault,Alcohol Related,62,59,53,38,56,,,,
Hawkesbury,Non-domestic violence related assault,Not Alcohol Related,147,154,149,169,137,,,,
Hawkesbury,Offensive conduct,Alcohol Related,10,7,8,6,6,,,,
Hawkesbury,Offensive conduct,Not Alcohol Related,11,9,9,8,6,,,,
Hawkesbury,Offensive language,Alcohol Related,10,4,1,4,2,,,,
Hawkesbury,Offensive language,Not Alcohol Related,5,8,5,6,6,,,,
Hay,Domestic violence related assault,Alcohol Related,8,7,10,12,7,,,,
Hay,Domestic violence related assault,Not Alcohol Related,11,14,18,13,12,,,,
Hay,Non-domestic violence related assault,Alcohol Related,11,5,9,13,10,,,,
Hay,Non-domestic violence related assault,Not Alcohol Related,17,12,10,9,11,,,,
Hay,Offensive conduct,Alcohol Related,15,6,6,3,0,,,,
Hay,Offensive conduct,Not Alcohol Related,3,2,0,0,0,,,,
Hay,Offensive language,Alcohol Related,2,2,3,2,1,,,,
Hay,Offensive language,Not Alcohol Related,3,2,4,3,1,,,,
Hilltops,Domestic violence related assault,Alcohol Related,43,27,37,42,34,,,,
Hilltops,Domestic violence related assault,Not Alcohol Related,66,64,63,67,91,,,,
Hilltops,Non-domestic violence related assault,Alcohol Related,41,36,16,29,34,,,,
Hilltops,Non-domestic violence related assault,Not Alcohol Related,60,48,60,44,61,,,,
Hilltops,Offensive conduct,Alcohol Related,9,12,4,11,9,,,,
Hilltops,Offensive conduct,Not Alcohol Related,5,9,16,10,8,,,,
Hilltops,Offensive language,Alcohol Related,8,6,6,3,4,,,,
Hilltops,Offensive language,Not Alcohol Related,8,10,16,11,7,,,,
Hornsby,Domestic violence related assault,Alcohol Related,48,51,65,52,57,,,,
Hornsby,Domestic violence related assault,Not Alcohol Related,111,166,207,191,165,,,,
Hornsby,Non-domestic violence related assault,Alcohol Related,47,45,49,26,44,,,,
Hornsby,Non-domestic violence related assault,Not Alcohol Related,170,186,183,137,146,,,,
Hornsby,Offensive conduct,Alcohol Related,11,13,9,11,8,,,,
Hornsby,Offensive conduct,Not Alcohol Related,12,13,12,10,10,,,,
Hornsby,Offensive language,Alcohol Related,7,7,9,5,7,,,,
Hornsby,Offensive language,Not Alcohol Related,8,9,10,10,9,,,,
Hunters Hill,Domestic violence related assault,Alcohol Related,9,8,0,1,5,,,,
Hunters Hill,Domestic violence related assault,Not Alcohol Related,9,15,19,16,12,,,,
Hunters Hill,Non-domestic violence related assault,Alcohol Related,3,8,11,6,4,,,,
Hunters Hill,Non-domestic violence related assault,Not Alcohol Related,33,24,35,12,14,,,,
Hunters Hill,Offensive conduct,Alcohol Related,0,2,0,1,0,,,,
Hunters Hill,Offensive conduct,Not Alcohol Related,0,2,0,0,0,,,,
Hunters Hill,Offensive language,Alcohol Related,0,2,0,0,0,,,,
Hunters Hill,Offensive language,Not Alcohol Related,0,1,1,0,0,,,,
Inner West,Domestic violence related assault,Alcohol Related,158,131,141,143,162,,,,
Inner West,Domestic violence related assault,Not Alcohol Related,219,298,278,313,310,,,,
Inner West,Non-domestic violence related assault,Alcohol Related,226,172,130,132,135,,,,
Inner West,Non-domestic violence related assault,Not Alcohol Related,402,403,438,383,426,,,,
Inner West,Offensive conduct,Alcohol Related,55,60,48,50,40,,,,
Inner West,Offensive conduct,Not Alcohol Related,33,31,44,30,30,,,,
Inner West,Offensive language,Alcohol Related,12,15,13,5,8,,,,
Inner West,Offensive language,Not Alcohol Related,15,27,24,15,8,,,,
Inverell,Domestic violence related assault,Alcohol Related,44,58,43,62,62,,,,
Inverell,Domestic violence related assault,Not Alcohol Related,82,127,111,132,138,,,,
Inverell,Non-domestic violence related assault,Alcohol Related,34,39,31,45,40,,,,
Inverell,Non-domestic violence related assault,Not Alcohol Related,62,82,47,60,114,,,,
Inverell,Offensive conduct,Alcohol Related,24,15,10,14,9,,,,
Inverell,Offensive conduct,Not Alcohol Related,18,9,14,18,13,,,,
Inverell,Offensive language,Alcohol Related,16,5,6,5,4,,,,
Inverell,Offensive language,Not Alcohol Related,16,10,7,15,8,,,,
Junee,Domestic violence related assault,Alcohol Related,1,9,6,10,5,,,,
Junee,Domestic violence related assault,Not Alcohol Related,16,27,22,26,8,,,,
Junee,Non-domestic violence related assault,Alcohol Related,11,4,7,8,8,,,,
Junee,Non-domestic violence related assault,Not Alcohol Related,13,18,20,17,11,,,,
Junee,Offensive conduct,Alcohol Related,1,1,0,5,0,,,,
Junee,Offensive conduct,Not Alcohol Related,2,1,1,3,4,,,,
Junee,Offensive language,Alcohol Related,2,0,0,3,2,,,,
Junee,Offensive language,Not Alcohol Related,2,1,3,4,0,,,,
Kempsey,Domestic violence related assault,Alcohol Related,70,72,75,67,87,,,,
Kempsey,Domestic violence related assault,Not Alcohol Related,171,139,170,192,208,,,,
Kempsey,Non-domestic violence related assault,Alcohol Related,60,51,63,44,53,,,,
Kempsey,Non-domestic violence related assault,Not Alcohol Related,126,144,141,134,122,,,,
Kempsey,Offensive conduct,Alcohol Related,4,2,8,13,15,,,,
Kempsey,Offensive conduct,Not Alcohol Related,5,6,10,12,11,,,,
Kempsey,Offensive language,Alcohol Related,6,11,7,3,6,,,,
Kempsey,Offensive language,Not Alcohol Related,7,8,16,7,4,,,,
Kiama,Domestic violence related assault,Alcohol Related,13,12,13,14,11,,,,
Kiama,Domestic violence related assault,Not Alcohol Related,23,11,25,24,18,,,,
Kiama,Non-domestic violence related assault,Alcohol Related,8,17,4,12,12,,,,
Kiama,Non-domestic violence related assault,Not Alcohol Related,16,15,19,23,16,,,,
Kiama,Offensive conduct,Alcohol Related,5,4,1,0,6,,,,
Kiama,Offensive conduct,Not Alcohol Related,2,2,0,2,3,,,,
Kiama,Offensive language,Alcohol Related,2,0,1,1,1,,,,
Kiama,Offensive language,Not Alcohol Related,1,0,0,0,0,,,,
Ku-ring-gai,Domestic violence related assault,Alcohol Related,20,28,32,24,27,,,,
Ku-ring-gai,Domestic violence related assault,Not Alcohol Related,57,76,119,123,99,,,,
Ku-ring-gai,Non-domestic violence related assault,Alcohol Related,17,28,16,8,12,,,,
Ku-ring-gai,Non-domestic violence related assault,Not Alcohol Related,87,82,82,63,56,,,,
Ku-ring-gai,Offensive conduct,Alcohol Related,2,2,2,4,2,,,,
Ku-ring-gai,Offensive conduct,Not Alcohol Related,5,4,2,3,4,,,,
Ku-ring-gai,Offensive language,Alcohol Related,2,0,1,1,2,,,,
Ku-ring-gai,Offensive language,Not Alcohol Related,2,2,2,2,4,,,,
Kyogle,Domestic violence related assault,Alcohol Related,16,10,12,12,15,,,,
Kyogle,Domestic violence related assault,Not Alcohol Related,30,20,20,20,17,,,,
Kyogle,Non-domestic violence related assault,Alcohol Related,16,15,3,13,9,,,,
Kyogle,Non-domestic violence related assault,Not Alcohol Related,29,20,18,22,14,,,,
Kyogle,Offensive conduct,Alcohol Related,5,1,2,2,4,,,,
Kyogle,Offensive conduct,Not Alcohol Related,7,3,2,0,1,,,,
Kyogle,Offensive language,Alcohol Related,1,3,0,0,1,,,,
Kyogle,Offensive language,Not Alcohol Related,2,3,1,3,1,,,,
Lachlan,Domestic violence related assault,Alcohol Related,23,30,19,17,22,,,,
Lachlan,Domestic violence related assault,Not Alcohol Related,43,37,30,20,32,,,,
Lachlan,Non-domestic violence related assault,Alcohol Related,23,13,9,24,16,,,,
Lachlan,Non-domestic violence related assault,Not Alcohol Related,19,18,22,15,27,,,,
Lachlan,Offensive conduct,Alcohol Related,17,18,7,6,3,,,,
Lachlan,Offensive conduct,Not Alcohol Related,7,3,1,6,3,,,,
Lachlan,Offensive language,Alcohol Related,9,9,3,2,0,,,,
Lachlan,Offensive language,Not Alcohol Related,9,8,7,5,0,,,,
Lake Macquarie,Domestic violence related assault,Alcohol Related,225,251,232,226,233,,,,
Lake Macquarie,Domestic violence related assault,Not Alcohol Related,518,560,515,590,579,,,,
Lake Macquarie,Non-domestic violence related assault,Alcohol Related,227,172,180,135,138,,,,
Lake Macquarie,Non-domestic violence related assault,Not Alcohol Related,475,506,562,567,511,,,,
Lake Macquarie,Offensive conduct,Alcohol Related,30,20,20,16,4,,,,
Lake Macquarie,Offensive conduct,Not Alcohol Related,37,23,32,24,20,,,,
Lake Macquarie,Offensive language,Alcohol Related,20,18,14,5,3,,,,
Lake Macquarie,Offensive language,Not Alcohol Related,26,11,21,10,15,,,,
Lane Cove,Domestic violence related assault,Alcohol Related,13,9,22,13,21,,,,
Lane Cove,Domestic violence related assault,Not Alcohol Related,29,27,41,22,46,,,,
Lane Cove,Non-domestic violence related assault,Alcohol Related,6,10,10,9,7,,,,
Lane Cove,Non-domestic violence related assault,Not Alcohol Related,39,34,33,26,34,,,,
Lane Cove,Offensive conduct,Alcohol Related,0,0,2,1,1,,,,
Lane Cove,Offensive conduct,Not Alcohol Related,0,3,2,3,2,,,,
Lane Cove,Offensive language,Alcohol Related,0,1,0,0,0,,,,
Lane Cove,Offensive language,Not Alcohol Related,1,1,1,0,0,,,,
Leeton,Domestic violence related assault,Alcohol Related,30,22,17,27,30,,,,
Leeton,Domestic violence related assault,Not Alcohol Related,49,81,66,73,58,,,,
Leeton,Non-domestic violence related assault,Alcohol Related,25,22,27,14,34,,,,
Leeton,Non-domestic violence related assault,Not Alcohol Related,29,27,34,37,47,,,,
Leeton,Offensive conduct,Alcohol Related,12,6,7,4,13,,,,
Leeton,Offensive conduct,Not Alcohol Related,6,4,3,6,3,,,,
Leeton,Offensive language,Alcohol Related,5,4,2,1,1,,,,
Leeton,Offensive language,Not Alcohol Related,5,3,2,1,2,,,,
Lismore,Domestic violence related assault,Alcohol Related,60,65,74,112,73,,,,
Lismore,Domestic violence related assault,Not Alcohol Related,158,124,140,166,137,,,,
Lismore,Non-domestic violence related assault,Alcohol Related,87,85,66,86,55,,,,
Lismore,Non-domestic violence related assault,Not Alcohol Related,197,210,176,246,202,,,,
Lismore,Offensive conduct,Alcohol Related,34,41,20,18,26,,,,
Lismore,Offensive conduct,Not Alcohol Related,29,26,31,15,24,,,,
Lismore,Offensive language,Alcohol Related,26,17,18,17,6,,,,
Lismore,Offensive language,Not Alcohol Related,18,14,13,15,9,,,,
Lithgow,Domestic violence related assault,Alcohol Related,30,36,48,49,48,,,,
Lithgow,Domestic violence related assault,Not Alcohol Related,59,78,83,100,104,,,,
Lithgow,Non-domestic violence related assault,Alcohol Related,37,32,25,20,32,,,,
Lithgow,Non-domestic violence related assault,Not Alcohol Related,95,95,97,93,95,,,,
Lithgow,Offensive conduct,Alcohol Related,10,9,3,1,3,,,,
Lithgow,Offensive conduct,Not Alcohol Related,10,9,5,3,6,,,,
Lithgow,Offensive language,Alcohol Related,9,9,9,5,6,,,,
Lithgow,Offensive language,Not Alcohol Related,14,16,11,11,10,,,,
Liverpool,Domestic violence related assault,Alcohol Related,169,142,184,158,175,,,,
Liverpool,Domestic violence related assault,Not Alcohol Related,741,757,850,949,859,,,,
Liverpool,Non-domestic violence related assault,Alcohol Related,110,98,106,68,88,,,,
Liverpool,Non-domestic violence related assault,Not Alcohol Related,599,674,638,582,718,,,,
Liverpool,Offensive conduct,Alcohol Related,17,13,7,8,10,,,,
Liverpool,Offensive conduct,Not Alcohol Related,19,21,29,26,11,,,,
Liverpool,Offensive language,Alcohol Related,14,6,11,5,10,,,,
Liverpool,Offensive language,Not Alcohol Related,23,28,39,22,14,,,,
Liverpool Plains,Domestic violence related assault,Alcohol Related,17,15,18,12,20,,,,
Liverpool Plains,Domestic violence related assault,Not Alcohol Related,23,30,35,36,39,,,,
Liverpool Plains,Non-domestic violence related assault,Alcohol Related,21,7,21,18,17,,,,
Liverpool Plains,Non-domestic violence related assault,Not Alcohol Related,20,21,26,24,18,,,,
Liverpool Plains,Offensive conduct,Alcohol Related,7,4,6,7,3,,,,
Liverpool Plains,Offensive conduct,Not Alcohol Related,9,5,6,7,2,,,,
Liverpool Plains,Offensive language,Alcohol Related,7,5,4,3,1,,,,
Liverpool Plains,Offensive language,Not Alcohol Related,7,5,1,3,0,,,,
Lockhart,Domestic violence related assault,Alcohol Related,3,10,3,2,3,,,,
Lockhart,Domestic violence related assault,Not Alcohol Related,7,2,4,7,2,,,,
Lockhart,Non-domestic violence related assault,Alcohol Related,1,2,0,0,3,,,,
Lockhart,Non-domestic violence related assault,Not Alcohol Related,5,4,5,9,3,,,,
Lockhart,Offensive conduct,Alcohol Related,0,0,1,0,0,,,,
Lockhart,Offensive conduct,Not Alcohol Related,0,0,0,0,0,,,,
Lockhart,Offensive language,Alcohol Related,0,0,0,0,0,,,,
Lockhart,Offensive language,Not Alcohol Related,0,0,0,0,1,,,,
Lord Howe Island,Domestic violence related assault,Alcohol Related,0,1,0,0,0,,,,
Lord Howe Island,Domestic violence related assault,Not Alcohol Related,0,0,0,18,1,,,,
Lord Howe Island,Non-domestic violence related assault,Alcohol Related,1,3,0,0,1,,,,
Lord Howe Island,Non-domestic violence related assault,Not Alcohol Related,0,4,0,1,0,,,,
Lord Howe Island,Offensive conduct,Alcohol Related,0,0,0,0,0,,,,
Lord Howe Island,Offensive conduct,Not Alcohol Related,0,0,0,0,0,,,,
Lord Howe Island,Offensive language,Alcohol Related,0,0,1,0,0,,,,
Lord Howe Island,Offensive language,Not Alcohol Related,0,0,0,0,0,,,,
Maitland,Domestic violence related assault,Alcohol Related,138,120,112,111,154,,,,
Maitland,Domestic violence related assault,Not Alcohol Related,348,312,322,339,456,,,,
Maitland,Non-domestic violence related assault,Alcohol Related,111,80,68,67,80,,,,
Maitland,Non-domestic violence related assault,Not Alcohol Related,263,263,231,267,336,,,,
Maitland,Offensive conduct,Alcohol Related,11,17,13,8,11,,,,
Maitland,Offensive conduct,Not Alcohol Related,17,14,20,14,29,,,,
Maitland,Offensive language,Alcohol Related,5,7,7,0,4,,,,
Maitland,Offensive language,Not Alcohol Related,12,6,8,8,12,,,,
Mid-Coast,Domestic violence related assault,Alcohol Related,163,167,182,207,185,,,,
Mid-Coast,Domestic violence related assault,Not Alcohol Related,265,303,304,341,355,,,,
Mid-Coast,Non-domestic violence related assault,Alcohol Related,151,119,107,99,114,,,,
Mid-Coast,Non-domestic violence related assault,Not Alcohol Related,274,265,256,321,313,,,,
Mid-Coast,Offensive conduct,Alcohol Related,39,29,14,22,12,,,,
Mid-Coast,Offensive conduct,Not Alcohol Related,35,33,35,25,20,,,,
Mid-Coast,Offensive language,Alcohol Related,36,14,14,5,7,,,,
Mid-Coast,Offensive language,Not Alcohol Related,33,19,17,14,7,,,,
Mid-Western Regional,Domestic violence related assault,Alcohol Related,51,71,66,70,69,,,,
Mid-Western Regional,Domestic violence related assault,Not Alcohol Related,78,95,93,91,93,,,,
Mid-Western Regional,Non-domestic violence related assault,Alcohol Related,59,44,40,55,40,,,,
Mid-Western Regional,Non-domestic violence related assault,Not Alcohol Related,58,80,62,65,70,,,,
Mid-Western Regional,Offensive conduct,Alcohol Related,29,31,11,12,9,,,,
Mid-Western Regional,Offensive conduct,Not Alcohol Related,9,3,6,3,5,,,,
Mid-Western Regional,Offensive language,Alcohol Related,9,9,3,1,2,,,,
Mid-Western Regional,Offensive language,Not Alcohol Related,6,0,2,1,1,,,,
Moree Plains,Domestic violence related assault,Alcohol Related,57,57,60,81,88,,,,
Moree Plains,Domestic violence related assault,Not Alcohol Related,127,126,156,167,213,,,,
Moree Plains,Non-domestic violence related assault,Alcohol Related,54,32,39,52,46,,,,
Moree Plains,Non-domestic violence related assault,Not Alcohol Related,101,100,105,140,146,,,,
Moree Plains,Offensive conduct,Alcohol Related,13,9,13,15,12,,,,
Moree Plains,Offensive conduct,Not Alcohol Related,15,16,27,35,38,,,,
Moree Plains,Offensive language,Alcohol Related,10,4,3,9,3,,,,
Moree Plains,Offensive language,Not Alcohol Related,12,17,9,12,11,,,,
Mosman,Domestic violence related assault,Alcohol Related,13,12,7,11,11,,,,
Mosman,Domestic violence related assault,Not Alcohol Related,32,17,13,14,15,,,,
Mosman,Non-domestic violence related assault,Alcohol Related,14,15,8,6,9,,,,
Mosman,Non-domestic violence related assault,Not Alcohol Related,21,29,24,22,31,,,,
Mosman,Offensive conduct,Alcohol Related,0,1,3,2,1,,,,
Mosman,Offensive conduct,Not Alcohol Related,8,2,2,5,2,,,,
Mosman,Offensive language,Alcohol Related,0,1,4,0,0,,,,
Mosman,Offensive language,Not Alcohol Related,1,0,1,0,1,,,,
Murray River,Domestic violence related assault,Alcohol Related,13,18,12,15,17,,,,
Murray River,Domestic violence related assault,Not Alcohol Related,11,17,7,23,12,,,,
Murray River,Non-domestic violence related assault,Alcohol Related,11,12,7,17,6,,,,
Murray River,Non-domestic violence related assault,Not Alcohol Related,20,14,8,17,16,,,,
Murray River,Offensive conduct,Alcohol Related,5,4,2,0,3,,,,
Murray River,Offensive conduct,Not Alcohol Related,2,1,1,1,1,,,,
Murray River,Offensive language,Alcohol Related,0,2,1,0,2,,,,
Murray River,Offensive language,Not Alcohol Related,4,0,1,0,0,,,,
Murrumbidgee,Domestic violence related assault,Alcohol Related,5,9,7,6,8,,,,
Murrumbidgee,Domestic violence related assault,Not Alcohol Related,19,12,16,3,14,,,,
Murrumbidgee,Non-domestic violence related assault,Alcohol Related,7,4,5,4,5,,,,
Murrumbidgee,Non-domestic violence related assault,Not Alcohol Related,7,10,6,6,7,,,,
Murrumbidgee,Offensive conduct,Alcohol Related,0,2,4,2,0,,,,
Murrumbidgee,Offensive conduct,Not Alcohol Related,0,1,0,0,0,,,,
Murrumbidgee,Offensive language,Alcohol Related,1,0,1,0,0,,,,
Murrumbidgee,Offensive language,Not Alcohol Related,0,1,1,2,1,,,,
Muswellbrook,Domestic violence related assault,Alcohol Related,33,46,39,42,39,,,,
Muswellbrook,Domestic violence related assault,Not Alcohol Related,76,74,89,87,93,,,,
Muswellbrook,Non-domestic violence related assault,Alcohol Related,31,32,27,28,28,,,,
Muswellbrook,Non-domestic violence related assault,Not Alcohol Related,59,44,66,93,91,,,,
Muswellbrook,Offensive conduct,Alcohol Related,3,5,2,6,6,,,,
Muswellbrook,Offensive conduct,Not Alcohol Related,3,3,5,8,5,,,,
Muswellbrook,Offensive language,Alcohol Related,6,1,2,3,0,,,,
Muswellbrook,Offensive language,Not Alcohol Related,4,7,3,5,1,,,,
Nambucca Valley,Domestic violence related assault,Alcohol Related,50,48,47,77,66,,,,
Nambucca Valley,Domestic violence related assault,Not Alcohol Related,81,65,90,106,123,,,,
Nambucca Valley,Non-domestic violence related assault,Alcohol Related,53,44,45,28,33,,,,
Nambucca Valley,Non-domestic violence related assault,Not Alcohol Related,100,79,94,82,86,,,,
Nambucca Valley,Offensive conduct,Alcohol Related,10,10,1,3,6,,,,
Nambucca Valley,Offensive conduct,Not Alcohol Related,10,9,9,7,6,,,,
Nambucca Valley,Offensive language,Alcohol Related,4,5,3,5,1,,,,
Nambucca Valley,Offensive language,Not Alcohol Related,4,7,6,2,2,,,,
Narrabri,Domestic violence related assault,Alcohol Related,23,38,34,39,42,,,,
Narrabri,Domestic violence related assault,Not Alcohol Related,60,49,62,77,75,,,,
Narrabri,Non-domestic violence related assault,Alcohol Related,28,21,24,22,14,,,,
Narrabri,Non-domestic violence related assault,Not Alcohol Related,50,38,44,38,56,,,,
Narrabri,Offensive conduct,Alcohol Related,4,7,3,8,4,,,,
Narrabri,Offensive conduct,Not Alcohol Related,7,3,5,4,1,,,,
Narrabri,Offensive language,Alcohol Related,4,2,2,1,1,,,,
Narrabri,Offensive language,Not Alcohol Related,8,5,1,4,1,,,,
Narrandera,Domestic violence related assault,Alcohol Related,8,12,14,11,19,,,,
Narrandera,Domestic violence related assault,Not Alcohol Related,23,20,41,40,28,,,,
Narrandera,Non-domestic violence related assault,Alcohol Related,7,14,5,9,8,,,,
Narrandera,Non-domestic violence related assault,Not Alcohol Related,23,38,23,26,20,,,,
Narrandera,Offensive conduct,Alcohol Related,7,3,3,7,1,,,,
Narrandera,Offensive conduct,Not Alcohol Related,3,6,7,12,4,,,,
Narrandera,Offensive language,Alcohol Related,0,2,2,8,1,,,,
Narrandera,Offensive language,Not Alcohol Related,4,1,3,3,3,,,,
Narromine,Domestic violence related assault,Alcohol Related,22,8,16,23,11,,,,
Narromine,Domestic violence related assault,Not Alcohol Related,61,50,44,60,51,,,,
Narromine,Non-domestic violence related assault,Alcohol Related,8,8,10,23,7,,,,
Narromine,Non-domestic violence related assault,Not Alcohol Related,35,26,20,45,32,,,,
Narromine,Offensive conduct,Alcohol Related,3,2,1,0,3,,,,
Narromine,Offensive conduct,Not Alcohol Related,10,2,3,6,1,,,,
Narromine,Offensive language,Alcohol Related,2,0,0,2,1,,,,
Narromine,Offensive language,Not Alcohol Related,1,0,1,2,0,,,,
Newcastle,Domestic violence related assault,Alcohol Related,206,206,187,199,219,,,,
Newcastle,Domestic violence related assault,Not Alcohol Related,412,504,478,474,559,,,,
Newcastle,Non-domestic violence related assault,Alcohol Related,415,387,319,329,337,,,,
Newcastle,Non-domestic violence related assault,Not Alcohol Related,636,699,774,736,715,,,,
Newcastle,Offensive conduct,Alcohol Related,96,63,72,55,36,,,,
Newcastle,Offensive conduct,Not Alcohol Related,48,50,55,57,35,,,,
Newcastle,Offensive language,Alcohol Related,30,23,5,11,9,,,,
Newcastle,Offensive language,Not Alcohol Related,27,19,19,19,11,,,,
North Sydney,Domestic violence related assault,Alcohol Related,55,37,33,43,30,,,,
North Sydney,Domestic violence related assault,Not Alcohol Related,66,59,60,42,51,,,,
North Sydney,Non-domestic violence related assault,Alcohol Related,55,62,39,30,60,,,,
North Sydney,Non-domestic violence related assault,Not Alcohol Related,87,83,79,80,76,,,,
North Sydney,Offensive conduct,Alcohol Related,22,12,6,10,16,,,,
North Sydney,Offensive conduct,Not Alcohol Related,12,6,6,4,12,,,,
North Sydney,Offensive language,Alcohol Related,8,7,2,1,5,,,,
North Sydney,Offensive language,Not Alcohol Related,3,2,3,1,2,,,,
Northern Beaches,Domestic violence related assault,Alcohol Related,194,202,136,126,105,,,,
Northern Beaches,Domestic violence related assault,Not Alcohol Related,254,285,215,170,162,,,,
Northern Beaches,Non-domestic violence related assault,Alcohol Related,263,293,191,195,191,,,,
Northern Beaches,Non-domestic violence related assault,Not Alcohol Related,342,390,367,305,273,,,,
Northern Beaches,Offensive conduct,Alcohol Related,122,86,52,59,59,,,,
Northern Beaches,Offensive conduct,Not Alcohol Related,21,27,32,27,23,,,,
Northern Beaches,Offensive language,Alcohol Related,61,32,21,21,12,,,,
Northern Beaches,Offensive language,Not Alcohol Related,8,13,8,10,15,,,,
Oberon,Domestic violence related assault,Alcohol Related,7,10,7,7,9,,,,
Oberon,Domestic violence related assault,Not Alcohol Related,26,7,16,6,9,,,,
Oberon,Non-domestic violence related assault,Alcohol Related,3,4,6,7,5,,,,
Oberon,Non-domestic violence related assault,Not Alcohol Related,14,12,12,7,6,,,,
Oberon,Offensive conduct,Alcohol Related,0,1,1,1,1,,,,
Oberon,Offensive conduct,Not Alcohol Related,2,1,2,0,1,,,,
Oberon,Offensive language,Alcohol Related,1,1,0,0,0,,,,
Oberon,Offensive language,Not Alcohol Related,3,2,1,2,0,,,,
Orange,Domestic violence related assault,Alcohol Related,59,93,69,88,127,,,,
Orange,Domestic violence related assault,Not Alcohol Related,184,222,194,230,275,,,,
Orange,Non-domestic violence related assault,Alcohol Related,70,74,74,64,63,,,,
Orange,Non-domestic violence related assault,Not Alcohol Related,172,201,244,218,250,,,,
Orange,Offensive conduct,Alcohol Related,30,16,19,26,14,,,,
Orange,Offensive conduct,Not Alcohol Related,23,15,20,19,23,,,,
Orange,Offensive language,Alcohol Related,10,8,4,2,7,,,,
Orange,Offensive language,Not Alcohol Related,13,7,5,3,10,,,,
Parkes,Domestic violence related assault,Alcohol Related,26,32,26,37,44,,,,
Parkes,Domestic violence related assault,Not Alcohol Related,64,56,72,79,79,,,,
Parkes,Non-domestic violence related assault,Alcohol Related,38,44,44,37,40,,,,
Parkes,Non-domestic violence related assault,Not Alcohol Related,70,54,46,58,54,,,,
Parkes,Offensive conduct,Alcohol Related,10,11,15,7,12,,,,
Parkes,Offensive conduct,Not Alcohol Related,3,4,6,4,12,,,,
Parkes,Offensive language,Alcohol Related,8,1,1,6,2,,,,
Parkes,Offensive language,Not Alcohol Related,9,4,3,6,1,,,,
Parramatta,Domestic violence related assault,Alcohol Related,176,162,186,187,176,,,,
Parramatta,Domestic violence related assault,Not Alcohol Related,578,580,703,638,624,,,,
Parramatta,Non-domestic violence related assault,Alcohol Related,195,178,134,103,150,,,,
Parramatta,Non-domestic violence related assault,Not Alcohol Related,653,702,616,596,667,,,,
Parramatta,Offensive conduct,Alcohol Related,23,33,27,26,22,,,,
Parramatta,Offensive conduct,Not Alcohol Related,34,43,37,35,41,,,,
Parramatta,Offensive language,Alcohol Related,24,21,15,5,15,,,,
Parramatta,Offensive language,Not Alcohol Related,47,26,24,32,31,,,,
Penrith,Domestic violence related assault,Alcohol Related,278,300,324,289,237,,,,
Penrith,Domestic violence related assault,Not Alcohol Related,964,"1,031","1,060",829,840,,,,
Penrith,Non-domestic violence related assault,Alcohol Related,211,265,247,168,210,,,,
Penrith,Non-domestic violence related assault,Not Alcohol Related,751,848,855,775,828,,,,
Penrith,Offensive conduct,Alcohol Related,33,29,26,17,19,,,,
Penrith,Offensive conduct,Not Alcohol Related,24,35,41,33,24,,,,
Penrith,Offensive language,Alcohol Related,39,17,16,8,13,,,,
Penrith,Offensive language,Not Alcohol Related,38,26,23,20,31,,,,
Port Macquarie-Hastings,Domestic violence related assault,Alcohol Related,106,109,118,150,143,,,,
Port Macquarie-Hastings,Domestic violence related assault,Not Alcohol Related,165,206,199,237,239,,,,
Port Macquarie-Hastings,Non-domestic violence related assault,Alcohol Related,99,105,89,116,108,,,,
Port Macquarie-Hastings,Non-domestic violence related assault,Not Alcohol Related,173,177,181,226,203,,,,
Port Macquarie-Hastings,Offensive conduct,Alcohol Related,44,40,25,35,21,,,,
Port Macquarie-Hastings,Offensive conduct,Not Alcohol Related,18,19,20,20,20,,,,
Port Macquarie-Hastings,Offensive language,Alcohol Related,25,25,23,22,10,,,,
Port Macquarie-Hastings,Offensive language,Not Alcohol Related,13,10,19,10,6,,,,
Port Stephens,Domestic violence related assault,Alcohol Related,122,157,127,119,137,,,,
Port Stephens,Domestic violence related assault,Not Alcohol Related,228,222,230,233,257,,,,
Port Stephens,Non-domestic violence related assault,Alcohol Related,77,95,74,63,97,,,,
Port Stephens,Non-domestic violence related assault,Not Alcohol Related,190,211,203,210,244,,,,
Port Stephens,Offensive conduct,Alcohol Related,13,10,9,13,9,,,,
Port Stephens,Offensive conduct,Not Alcohol Related,15,13,13,10,13,,,,
Port Stephens,Offensive language,Alcohol Related,10,4,2,5,3,,,,
Port Stephens,Offensive language,Not Alcohol Related,9,11,14,6,8,,,,
Queanbeyan-Palerang Regional,Domestic violence related assault,Alcohol Related,37,40,52,49,64,,,,
Queanbeyan-Palerang Regional,Domestic violence related assault,Not Alcohol Related,98,106,139,135,120,,,,
Queanbeyan-Palerang Regional,Non-domestic violence related assault,Alcohol Related,46,44,38,45,59,,,,
Queanbeyan-Palerang Regional,Non-domestic violence related assault,Not Alcohol Related,126,126,123,121,131,,,,
Queanbeyan-Palerang Regional,Offensive conduct,Alcohol Related,10,4,6,13,7,,,,
Queanbeyan-Palerang Regional,Offensive conduct,Not Alcohol Related,7,9,10,13,9,,,,
Queanbeyan-Palerang Regional,Offensive language,Alcohol Related,7,7,5,3,1,,,,
Queanbeyan-Palerang Regional,Offensive language,Not Alcohol Related,9,15,4,6,2,,,,
Randwick,Domestic violence related assault,Alcohol Related,119,135,127,121,104,,,,
Randwick,Domestic violence related assault,Not Alcohol Related,244,286,265,268,232,,,,
Randwick,Non-domestic violence related assault,Alcohol Related,162,195,120,127,127,,,,
Randwick,Non-domestic violence related assault,Not Alcohol Related,386,378,370,352,372,,,,
Randwick,Offensive conduct,Alcohol Related,63,65,30,31,41,,,,
Randwick,Offensive conduct,Not Alcohol Related,12,30,32,20,22,,,,
Randwick,Offensive language,Alcohol Related,35,35,33,21,27,,,,
Randwick,Offensive language,Not Alcohol Related,18,17,30,26,22,,,,
Richmond Valley,Domestic violence related assault,Alcohol Related,58,60,48,53,58,,,,
Richmond Valley,Domestic violence related assault,Not Alcohol Related,66,85,104,90,103,,,,
Richmond Valley,Non-domestic violence related assault,Alcohol Related,49,44,43,44,41,,,,
Richmond Valley,Non-domestic violence related assault,Not Alcohol Related,80,85,54,80,93,,,,
Richmond Valley,Offensive conduct,Alcohol Related,26,20,10,16,11,,,,
Richmond Valley,Offensive conduct,Not Alcohol Related,7,7,13,5,6,,,,
Richmond Valley,Offensive language,Alcohol Related,19,18,8,13,5,,,,
Richmond Valley,Offensive language,Not Alcohol Related,6,11,7,4,6,,,,
Ryde,Domestic violence related assault,Alcohol Related,34,63,80,56,45,,,,
Ryde,Domestic violence related assault,Not Alcohol Related,224,233,239,228,165,,,,
Ryde,Non-domestic violence related assault,Alcohol Related,29,51,30,28,32,,,,
Ryde,Non-domestic violence related assault,Not Alcohol Related,208,211,169,169,193,,,,
Ryde,Offensive conduct,Alcohol Related,7,7,4,2,5,,,,
Ryde,Offensive conduct,Not Alcohol Related,9,5,11,8,6,,,,
Ryde,Offensive language,Alcohol Related,5,6,8,1,4,,,,
Ryde,Offensive language,Not Alcohol Related,12,5,8,6,4,,,,
Shellharbour,Domestic violence related assault,Alcohol Related,57,59,85,70,86,,,,
Shellharbour,Domestic violence related assault,Not Alcohol Related,143,179,178,167,171,,,,
Shellharbour,Non-domestic violence related assault,Alcohol Related,36,39,30,36,43,,,,
Shellharbour,Non-domestic violence related assault,Not Alcohol Related,135,173,145,143,164,,,,
Shellharbour,Offensive conduct,Alcohol Related,12,7,5,5,3,,,,
Shellharbour,Offensive conduct,Not Alcohol Related,4,6,9,8,5,,,,
Shellharbour,Offensive language,Alcohol Related,5,7,7,3,6,,,,
Shellharbour,Offensive language,Not Alcohol Related,6,9,8,4,5,,,,
Shoalhaven,Domestic violence related assault,Alcohol Related,152,131,161,156,164,,,,
Shoalhaven,Domestic violence related assault,Not Alcohol Related,278,259,303,293,302,,,,
Shoalhaven,Non-domestic violence related assault,Alcohol Related,162,127,126,132,116,,,,
Shoalhaven,Non-domestic violence related assault,Not Alcohol Related,265,284,258,325,287,,,,
Shoalhaven,Offensive conduct,Alcohol Related,37,25,21,26,23,,,,
Shoalhaven,Offensive conduct,Not Alcohol Related,20,31,21,24,19,,,,
Shoalhaven,Offensive language,Alcohol Related,37,25,17,14,5,,,,
Shoalhaven,Offensive language,Not Alcohol Related,35,29,20,7,17,,,,
Singleton,Domestic violence related assault,Alcohol Related,39,30,33,26,34,,,,
Singleton,Domestic violence related assault,Not Alcohol Related,57,59,63,64,70,,,,
Singleton,Non-domestic violence related assault,Alcohol Related,35,27,30,26,22,,,,
Singleton,Non-domestic violence related assault,Not Alcohol Related,57,61,57,54,67,,,,
Singleton,Offensive conduct,Alcohol Related,10,8,1,4,5,,,,
Singleton,Offensive conduct,Not Alcohol Related,4,7,3,5,2,,,,
Singleton,Offensive language,Alcohol Related,7,1,0,0,0,,,,
Singleton,Offensive language,Not Alcohol Related,8,3,2,2,4,,,,
Snowy Monaro Regional,Domestic violence related assault,Alcohol Related,24,31,27,18,27,,,,
Snowy Monaro Regional,Domestic violence related assault,Not Alcohol Related,24,55,36,42,38,,,,
Snowy Monaro Regional,Non-domestic violence related assault,Alcohol Related,36,37,15,22,26,,,,
Snowy Monaro Regional,Non-domestic violence related assault,Not Alcohol Related,30,51,47,36,42,,,,
Snowy Monaro Regional,Offensive conduct,Alcohol Related,23,24,14,24,11,,,,
Snowy Monaro Regional,Offensive conduct,Not Alcohol Related,7,6,8,12,2,,,,
Snowy Monaro Regional,Offensive language,Alcohol Related,9,11,3,6,4,,,,
Snowy Monaro Regional,Offensive language,Not Alcohol Related,2,6,2,6,6,,,,
Snowy Valleys,Domestic violence related assault,Alcohol Related,20,21,28,16,26,,,,
Snowy Valleys,Domestic violence related assault,Not Alcohol Related,46,53,51,34,58,,,,
Snowy Valleys,Non-domestic violence related assault,Alcohol Related,25,11,13,20,18,,,,
Snowy Valleys,Non-domestic violence related assault,Not Alcohol Related,35,34,29,29,47,,,,
Snowy Valleys,Offensive conduct,Alcohol Related,6,11,3,8,6,,,,
Snowy Valleys,Offensive conduct,Not Alcohol Related,3,5,7,1,2,,,,
Snowy Valleys,Offensive language,Alcohol Related,8,5,3,5,5,,,,
Snowy Valleys,Offensive language,Not Alcohol Related,6,7,6,7,3,,,,
Strathfield,Domestic violence related assault,Alcohol Related,30,41,21,27,26,,,,
Strathfield,Domestic violence related assault,Not Alcohol Related,111,100,114,95,107,,,,
Strathfield,Non-domestic violence related assault,Alcohol Related,15,16,13,14,10,,,,
Strathfield,Non-domestic violence related assault,Not Alcohol Related,137,100,111,86,91,,,,
Strathfield,Offensive conduct,Alcohol Related,5,2,6,1,0,,,,
Strathfield,Offensive conduct,Not Alcohol Related,1,7,5,2,1,,,,
Strathfield,Offensive language,Alcohol Related,0,0,1,1,1,,,,
Strathfield,Offensive language,Not Alcohol Related,4,0,1,2,6,,,,
Sutherland Shire,Domestic violence related assault,Alcohol Related,171,205,233,190,209,,,,
Sutherland Shire,Domestic violence related assault,Not Alcohol Related,287,483,420,484,468,,,,
Sutherland Shire,Non-domestic violence related assault,Alcohol Related,188,215,144,114,128,,,,
Sutherland Shire,Non-domestic violence related assault,Not Alcohol Related,351,399,380,335,306,,,,
Sutherland Shire,Offensive conduct,Alcohol Related,79,136,60,54,83,,,,
Sutherland Shire,Offensive conduct,Not Alcohol Related,34,47,60,52,52,,,,
Sutherland Shire,Offensive language,Alcohol Related,31,51,34,18,25,,,,
Sutherland Shire,Offensive language,Not Alcohol Related,17,42,35,29,9,,,,
Sydney,Domestic violence related assault,Alcohol Related,416,462,431,356,451,,,,
Sydney,Domestic violence related assault,Not Alcohol Related,592,651,681,660,746,,,,
Sydney,Non-domestic violence related assault,Alcohol Related,"1,459","1,404",819,777,"1,161",,,,
Sydney,Non-domestic violence related assault,Not Alcohol Related,"1,764","1,815","1,420","1,251","1,437",,,,
Sydney,Offensive conduct,Alcohol Related,680,657,437,441,462,,,,
Sydney,Offensive conduct,Not Alcohol Related,270,321,360,375,306,,,,
Sydney,Offensive language,Alcohol Related,148,123,86,80,101,,,,
Sydney,Offensive language,Not Alcohol Related,103,96,106,123,82,,,,
Tamworth Regional,Domestic violence related assault,Alcohol Related,136,149,94,115,111,,,,
Tamworth Regional,Domestic violence related assault,Not Alcohol Related,240,262,321,291,335,,,,
Tamworth Regional,Non-domestic violence related assault,Alcohol Related,107,123,89,81,92,,,,
Tamworth Regional,Non-domestic violence related assault,Not Alcohol Related,256,262,226,302,279,,,,
Tamworth Regional,Offensive conduct,Alcohol Related,37,35,34,21,21,,,,
Tamworth Regional,Offensive conduct,Not Alcohol Related,39,32,42,29,35,,,,
Tamworth Regional,Offensive language,Alcohol Related,14,19,15,7,5,,,,
Tamworth Regional,Offensive language,Not Alcohol Related,19,15,11,17,5,,,,
Temora,Domestic violence related assault,Alcohol Related,5,5,13,9,8,,,,
Temora,Domestic violence related assault,Not Alcohol Related,8,23,12,7,5,,,,
Temora,Non-domestic violence related assault,Alcohol Related,14,5,9,7,9,,,,
Temora,Non-domestic violence related assault,Not Alcohol Related,23,16,10,4,10,,,,
Temora,Offensive conduct,Alcohol Related,8,4,4,4,4,,,,
Temora,Offensive conduct,Not Alcohol Related,6,5,0,0,2,,,,
Temora,Offensive language,Alcohol Related,1,3,0,2,2,,,,
Temora,Offensive language,Not Alcohol Related,1,2,4,5,1,,,,
Tenterfield,Domestic violence related assault,Alcohol Related,15,21,27,20,17,,,,
Tenterfield,Domestic violence related assault,Not Alcohol Related,31,34,38,47,28,,,,
Tenterfield,Non-domestic violence related assault,Alcohol Related,11,11,20,10,11,,,,
Tenterfield,Non-domestic violence related assault,Not Alcohol Related,22,14,18,19,18,,,,
Tenterfield,Offensive conduct,Alcohol Related,5,10,4,5,3,,,,
Tenterfield,Offensive conduct,Not Alcohol Related,2,3,7,5,8,,,,
Tenterfield,Offensive language,Alcohol Related,5,4,6,7,2,,,,
Tenterfield,Offensive language,Not Alcohol Related,3,8,6,4,1,,,,
The Hills Shire,Domestic violence related assault,Alcohol Related,48,68,66,69,71,,,,
The Hills Shire,Domestic violence related assault,Not Alcohol Related,169,233,265,263,254,,,,
The Hills Shire,Non-domestic violence related assault,Alcohol Related,50,58,38,45,48,,,,
The Hills Shire,Non-domestic violence related assault,Not Alcohol Related,164,213,229,208,190,,,,
The Hills Shire,Offensive conduct,Alcohol Related,14,12,10,4,8,,,,
The Hills Shire,Offensive conduct,Not Alcohol Related,5,9,10,7,9,,,,
The Hills Shire,Offensive language,Alcohol Related,7,8,0,3,2,,,,
The Hills Shire,Offensive language,Not Alcohol Related,4,10,10,6,2,,,,
Tweed,Domestic violence related assault,Alcohol Related,134,144,117,142,170,,,,
Tweed,Domestic violence related assault,Not Alcohol Related,192,194,222,219,247,,,,
Tweed,Non-domestic violence related assault,Alcohol Related,74,82,84,80,106,,,,
Tweed,Non-domestic violence related assault,Not Alcohol Related,200,215,222,215,232,,,,
Tweed,Offensive conduct,Alcohol Related,23,30,23,11,13,,,,
Tweed,Offensive conduct,Not Alcohol Related,20,20,32,27,10,,,,
Tweed,Offensive language,Alcohol Related,22,18,17,10,16,,,,
Tweed,Offensive language,Not Alcohol Related,12,13,22,9,3,,,,
Unincorporated Far West,Domestic violence related assault,Alcohol Related,0,0,2,0,2,,,,
Unincorporated Far West,Domestic violence related assault,Not Alcohol Related,1,3,2,1,1,,,,
Unincorporated Far West,Non-domestic violence related assault,Alcohol Related,3,3,1,2,0,,,,
Unincorporated Far West,Non-domestic violence related assault,Not Alcohol Related,6,4,7,1,5,,,,
Unincorporated Far West,Offensive conduct,Alcohol Related,2,1,0,0,2,,,,
Unincorporated Far West,Offensive conduct,Not Alcohol Related,1,1,0,0,0,,,,
Unincorporated Far West,Offensive language,Alcohol Related,0,0,0,0,0,,,,
Unincorporated Far West,Offensive language,Not Alcohol Related,1,1,0,1,0,,,,
Upper Hunter Shire,Domestic violence related assault,Alcohol Related,18,16,32,25,21,,,,
Upper Hunter Shire,Domestic violence related assault,Not Alcohol Related,36,27,45,42,44,,,,
Upper Hunter Shire,Non-domestic violence related assault,Alcohol Related,16,18,15,17,18,,,,
Upper Hunter Shire,Non-domestic violence related assault,Not Alcohol Related,24,17,21,13,36,,,,
Upper Hunter Shire,Offensive conduct,Alcohol Related,1,2,6,4,4,,,,
Upper Hunter Shire,Offensive conduct,Not Alcohol Related,3,4,1,0,1,,,,
Upper Hunter Shire,Offensive language,Alcohol Related,3,4,2,2,1,,,,
Upper Hunter Shire,Offensive language,Not Alcohol Related,1,1,1,3,1,,,,
Upper Lachlan Shire,Domestic violence related assault,Alcohol Related,4,3,4,2,4,,,,
Upper Lachlan Shire,Domestic violence related assault,Not Alcohol Related,4,5,5,11,11,,,,
Upper Lachlan Shire,Non-domestic violence related assault,Alcohol Related,6,6,7,2,6,,,,
Upper Lachlan Shire,Non-domestic violence related assault,Not Alcohol Related,3,8,5,6,6,,,,
Upper Lachlan Shire,Offensive conduct,Alcohol Related,0,1,0,0,0,,,,
Upper Lachlan Shire,Offensive conduct,Not Alcohol Related,0,0,0,1,0,,,,
Upper Lachlan Shire,Offensive language,Alcohol Related,0,0,1,0,1,,,,
Upper Lachlan Shire,Offensive language,Not Alcohol Related,0,0,0,0,0,,,,
Uralla,Domestic violence related assault,Alcohol Related,4,6,11,9,7,,,,
Uralla,Domestic violence related assault,Not Alcohol Related,15,10,8,12,13,,,,
Uralla,Non-domestic violence related assault,Alcohol Related,5,3,1,3,6,,,,
Uralla,Non-domestic violence related assault,Not Alcohol Related,7,9,10,12,7,,,,
Uralla,Offensive conduct,Alcohol Related,2,1,2,0,3,,,,
Uralla,Offensive conduct,Not Alcohol Related,2,0,1,0,1,,,,
Uralla,Offensive language,Alcohol Related,1,1,0,1,0,,,,
Uralla,Offensive language,Not Alcohol Related,0,1,1,3,0,,,,
Wagga Wagga,Domestic violence related assault,Alcohol Related,141,159,147,155,136,,,,
Wagga Wagga,Domestic violence related assault,Not Alcohol Related,268,356,311,304,366,,,,
Wagga Wagga,Non-domestic violence related assault,Alcohol Related,125,141,100,124,128,,,,
Wagga Wagga,Non-domestic violence related assault,Not Alcohol Related,246,277,299,249,283,,,,
Wagga Wagga,Offensive conduct,Alcohol Related,77,168,28,51,50,,,,
Wagga Wagga,Offensive conduct,Not Alcohol Related,29,38,27,33,28,,,,
Wagga Wagga,Offensive language,Alcohol Related,18,19,6,15,20,,,,
Wagga Wagga,Offensive language,Not Alcohol Related,13,12,24,57,19,,,,
Walcha,Domestic violence related assault,Alcohol Related,9,2,2,4,5,,,,
Walcha,Domestic violence related assault,Not Alcohol Related,3,7,13,11,13,,,,
Walcha,Non-domestic violence related assault,Alcohol Related,6,4,4,2,10,,,,
Walcha,Non-domestic violence related assault,Not Alcohol Related,10,5,9,3,11,,,,
Walcha,Offensive conduct,Alcohol Related,2,4,0,3,2,,,,
Walcha,Offensive conduct,Not Alcohol Related,1,1,4,1,2,,,,
Walcha,Offensive language,Alcohol Related,1,1,0,0,1,,,,
Walcha,Offensive language,Not Alcohol Related,0,2,2,1,0,,,,
Walgett,Domestic violence related assault,Alcohol Related,84,62,66,78,75,,,,
Walgett,Domestic violence related assault,Not Alcohol Related,63,88,78,54,89,,,,
Walgett,Non-domestic violence related assault,Alcohol Related,32,30,20,17,32,,,,
Walgett,Non-domestic violence related assault,Not Alcohol Related,46,49,40,48,39,,,,
Walgett,Offensive conduct,Alcohol Related,10,2,7,4,7,,,,
Walgett,Offensive conduct,Not Alcohol Related,6,8,7,9,12,,,,
Walgett,Offensive language,Alcohol Related,5,7,3,0,2,,,,
Walgett,Offensive language,Not Alcohol Related,4,1,2,3,3,,,,
Warren,Domestic violence related assault,Alcohol Related,18,12,12,14,19,,,,
Warren,Domestic violence related assault,Not Alcohol Related,25,28,27,24,17,,,,
Warren,Non-domestic violence related assault,Alcohol Related,6,13,8,13,7,,,,
Warren,Non-domestic violence related assault,Not Alcohol Related,13,15,15,9,10,,,,
Warren,Offensive conduct,Alcohol Related,1,0,0,1,0,,,,
Warren,Offensive conduct,Not Alcohol Related,1,0,0,0,0,,,,
Warren,Offensive language,Alcohol Related,0,0,1,1,0,,,,
Warren,Offensive language,Not Alcohol Related,1,0,1,0,2,,,,
Warrumbungle Shire,Domestic violence related assault,Alcohol Related,23,21,8,17,28,,,,
Warrumbungle Shire,Domestic violence related assault,Not Alcohol Related,29,25,25,35,56,,,,
Warrumbungle Shire,Non-domestic violence related assault,Alcohol Related,20,16,14,16,18,,,,
Warrumbungle Shire,Non-domestic violence related assault,Not Alcohol Related,23,23,34,30,32,,,,
Warrumbungle Shire,Offensive conduct,Alcohol Related,2,3,7,7,6,,,,
Warrumbungle Shire,Offensive conduct,Not Alcohol Related,2,8,3,6,7,,,,
Warrumbungle Shire,Offensive language,Alcohol Related,4,6,1,3,0,,,,
Warrumbungle Shire,Offensive language,Not Alcohol Related,4,7,4,7,5,,,,
Waverley,Domestic violence related assault,Alcohol Related,71,70,64,60,54,,,,
Waverley,Domestic violence related assault,Not Alcohol Related,85,125,107,130,115,,,,
Waverley,Non-domestic violence related assault,Alcohol Related,159,105,109,70,121,,,,
Waverley,Non-domestic violence related assault,Not Alcohol Related,169,165,168,182,164,,,,
Waverley,Offensive conduct,Alcohol Related,67,75,71,40,47,,,,
Waverley,Offensive conduct,Not Alcohol Related,19,21,36,36,41,,,,
Waverley,Offensive language,Alcohol Related,25,22,14,9,13,,,,
Waverley,Offensive language,Not Alcohol Related,7,9,14,9,10,,,,
Weddin,Domestic violence related assault,Alcohol Related,1,4,8,6,4,,,,
Weddin,Domestic violence related assault,Not Alcohol Related,3,6,6,9,3,,,,
Weddin,Non-domestic violence related assault,Alcohol Related,7,4,6,1,4,,,,
Weddin,Non-domestic violence related assault,Not Alcohol Related,5,1,4,2,2,,,,
Weddin,Offensive conduct,Alcohol Related,2,0,1,0,2,,,,
Weddin,Offensive conduct,Not Alcohol Related,0,0,2,0,0,,,,
Weddin,Offensive language,Alcohol Related,0,0,0,1,0,,,,
Weddin,Offensive language,Not Alcohol Related,0,0,0,0,1,,,,
Wentworth,Domestic violence related assault,Alcohol Related,43,30,32,35,36,,,,
Wentworth,Domestic violence related assault,Not Alcohol Related,29,42,35,40,42,,,,
Wentworth,Non-domestic violence related assault,Alcohol Related,17,15,11,17,20,,,,
Wentworth,Non-domestic violence related assault,Not Alcohol Related,32,32,18,26,19,,,,
Wentworth,Offensive conduct,Alcohol Related,4,2,2,0,0,,,,
Wentworth,Offensive conduct,Not Alcohol Related,0,0,10,3,3,,,,
Wentworth,Offensive language,Alcohol Related,2,0,0,0,0,,,,
Wentworth,Offensive language,Not Alcohol Related,3,2,1,0,0,,,,
Willoughby,Domestic violence related assault,Alcohol Related,32,30,23,19,35,,,,
Willoughby,Domestic violence related assault,Not Alcohol Related,89,67,72,74,71,,,,
Willoughby,Non-domestic violence related assault,Alcohol Related,31,31,25,22,23,,,,
Willoughby,Non-domestic violence related assault,Not Alcohol Related,108,126,124,104,104,,,,
Willoughby,Offensive conduct,Alcohol Related,9,5,8,5,7,,,,
Willoughby,Offensive conduct,Not Alcohol Related,16,12,11,13,8,,,,
Willoughby,Offensive language,Alcohol Related,1,6,6,0,2,,,,
Willoughby,Offensive language,Not Alcohol Related,4,3,3,4,3,,,,
Wingecarribee,Domestic violence related assault,Alcohol Related,37,39,47,34,37,,,,
Wingecarribee,Domestic violence related assault,Not Alcohol Related,57,61,62,89,74,,,,
Wingecarribee,Non-domestic violence related assault,Alcohol Related,39,29,33,36,37,,,,
Wingecarribee,Non-domestic violence related assault,Not Alcohol Related,63,54,61,59,68,,,,
Wingecarribee,Offensive conduct,Alcohol Related,16,13,10,7,7,,,,
Wingecarribee,Offensive conduct,Not Alcohol Related,3,7,4,7,4,,,,
Wingecarribee,Offensive language,Alcohol Related,4,2,1,3,3,,,,
Wingecarribee,Offensive language,Not Alcohol Related,1,5,4,2,0,,,,
Wollondilly,Domestic violence related assault,Alcohol Related,71,58,40,58,51,,,,
Wollondilly,Domestic violence related assault,Not Alcohol Related,118,107,141,88,114,,,,
Wollondilly,Non-domestic violence related assault,Alcohol Related,21,13,15,25,26,,,,
Wollondilly,Non-domestic violence related assault,Not Alcohol Related,44,52,31,57,55,,,,
Wollondilly,Offensive conduct,Alcohol Related,8,6,3,4,6,,,,
Wollondilly,Offensive conduct,Not Alcohol Related,2,2,3,1,2,,,,
Wollondilly,Offensive language,Alcohol Related,5,0,0,0,2,,,,
Wollondilly,Offensive language,Not Alcohol Related,3,4,0,0,2,,,,
Wollongong,Domestic violence related assault,Alcohol Related,223,211,202,191,234,,,,
Wollongong,Domestic violence related assault,Not Alcohol Related,444,478,461,461,433,,,,
Wollongong,Non-domestic violence related assault,Alcohol Related,286,249,205,207,274,,,,
Wollongong,Non-domestic violence related assault,Not Alcohol Related,499,480,482,499,502,,,,
Wollongong,Offensive conduct,Alcohol Related,92,88,63,34,69,,,,
Wollongong,Offensive conduct,Not Alcohol Related,44,48,54,51,49,,,,
Wollongong,Offensive language,Alcohol Related,58,45,27,10,23,,,,
Wollongong,Offensive language,Not Alcohol Related,44,38,36,29,20,,,,
Woollahra,Domestic violence related assault,Alcohol Related,34,37,38,34,43,,,,
Woollahra,Domestic violence related assault,Not Alcohol Related,59,59,44,68,73,,,,
Woollahra,Non-domestic violence related assault,Alcohol Related,65,55,27,44,64,,,,
Woollahra,Non-domestic violence related assault,Not Alcohol Related,46,66,71,54,73,,,,
Woollahra,Offensive conduct,Alcohol Related,27,27,6,23,29,,,,
Woollahra,Offensive conduct,Not Alcohol Related,5,12,2,13,12,,,,
Woollahra,Offensive language,Alcohol Related,11,6,8,3,7,,,,
Woollahra,Offensive language,Not Alcohol Related,3,1,4,4,1,,,,
Yass Valley,Domestic violence related assault,Alcohol Related,8,7,6,22,30,,,,
Yass Valley,Domestic violence related assault,Not Alcohol Related,26,22,23,13,21,,,,
Yass Valley,Non-domestic violence related assault,Alcohol Related,11,15,15,10,16,,,,
Yass Valley,Non-domestic violence related assault,Not Alcohol Related,22,15,21,19,10,,,,
Yass Valley,Offensive conduct,Alcohol Related,5,3,5,9,2,,,,
Yass Valley,Offensive conduct,Not Alcohol Related,1,2,3,2,0,,,,
Yass Valley,Offensive language,Alcohol Related,6,7,1,3,1,,,,
Yass Valley,Offensive language,Not Alcohol Related,3,3,1,1,1,,,,
